Building Type,Square Footage,Number of Occupants,Appliances Used,Average Temperature,Day of Week,Energy Consumption
2.0,7063,76,10,29.84,0.0,2713.95
0.0,44372,66,45,16.72,0.0,5744.99
1.0,19255,37,17,14.3,1.0,4101.24
2.0,13265,14,41,32.82,0.0,3009.14
0.0,13375,26,18,11.92,0.0,3279.17
0.0,37377,26,32,16.24,1.0,4687.67
1.0,38638,92,14,21.01,1.0,5526.83
2.0,34950,60,18,28.24,0.0,4116.32
1.0,29741,99,44,13.08,0.0,5841.65
2.0,17467,42,36,28.84,0.0,3419.13
0.0,27702,71,14,11.3,1.0,4318.61
0.0,47265,4,44,25.38,0.0,5206.34
2.0,19139,97,34,17.35,0.0,4070.21
2.0,17820,11,8,17.8,1.0,2571.98
2.0,45868,97,19,22.45,1.0,5031.14
0.0,9578,54,47,13.56,1.0,3891.12
0.0,4310,34,44,24.62,0.0,3362.42
1.0,38446,97,20,23.99,1.0,5672.37
1.0,7460,32,23,27.87,0.0,3563.67
2.0,10880,19,48,22.67,1.0,3080.67
0.0,37912,24,43,10.38,0.0,4993.7
1.0,14699,83,40,32.92,0.0,4750.37
1.0,18274,32,22,17.87,0.0,4134.35
0.0,23898,55,16,26.95,1.0,3930.14
2.0,41498,39,27,18.67,1.0,4411.53
1.0,41238,22,7,31.95,0.0,4812.15
2.0,35611,8,5,23.67,1.0,3342.21
1.0,49653,63,12,29.54,0.0,5754.96
2.0,30259,35,14,15.39,1.0,3566.01
2.0,27072,12,30,32.89,1.0,3409.14
0.0,13499,75,41,12.97,0.0,4230.09
2.0,46749,22,36,15.41,1.0,4700.42
0.0,22931,24,34,24.93,0.0,3991.89
1.0,29341,2,13,11.36,1.0,4190.25
2.0,3800,5,26,20.96,0.0,2205.2
2.0,49094,33,11,14.17,0.0,4483.83
2.0,10403,25,26,21.34,0.0,2733.45
1.0,31919,77,20,22.84,1.0,5151.75
2.0,1841,31,13,15.09,1.0,2086.62
2.0,42188,64,43,24.21,0.0,5038.34
1.0,20920,89,31,32.76,1.0,4892.22
0.0,12093,58,35,10.34,0.0,3882.94
2.0,27845,85,21,29.36,1.0,4015.46
2.0,36832,20,30,31.23,1.0,3985.45
1.0,45162,85,45,12.92,0.0,6493.48
1.0,14105,73,26,14.95,0.0,4430.49
1.0,34914,99,18,33.43,1.0,5428.56
2.0,16025,35,16,21.39,0.0,2914.3
1.0,49043,26,48,28.64,1.0,6028.93
2.0,29898,63,13,18.75,1.0,3791.16
2.0,12615,85,45,11.64,0.0,3872.54
0.0,3308,2,24,18.69,0.0,2621.96
1.0,35031,3,13,13.09,0.0,4526.12
2.0,3211,78,10,28.31,1.0,2499.0
2.0,10496,21,17,31.54,1.0,2417.11
1.0,49997,15,22,26.78,0.0,5505.97
1.0,38697,17,35,34.03,1.0,5134.71
1.0,36484,69,43,15.98,1.0,5794.31
1.0,28587,24,14,23.97,1.0,4329.5
1.0,28880,89,10,22.15,1.0,4923.27
1.0,7559,27,44,10.08,0.0,4027.56
0.0,6590,89,32,31.24,0.0,3753.31
1.0,44528,78,22,15.51,1.0,5868.84
0.0,6288,33,20,25.24,0.0,2968.2
2.0,9627,84,41,25.93,1.0,3511.71
0.0,36868,10,22,15.14,1.0,4307.72
0.0,6859,25,47,25.8,1.0,3403.93
2.0,35988,57,47,17.34,1.0,4722.68
2.0,18185,97,15,29.66,0.0,3580.93
1.0,35633,44,19,11.91,1.0,5042.08
1.0,45359,75,35,26.86,0.0,6133.65
1.0,36335,6,33,17.4,0.0,4999.76
2.0,11844,2,22,20.11,1.0,2451.63
1.0,12454,68,35,29.35,1.0,4355.96
0.0,13581,73,7,20.74,0.0,3495.35
1.0,27428,48,40,21.62,1.0,5043.32
0.0,16004,23,47,10.9,1.0,3915.71
0.0,48351,4,18,24.42,0.0,4745.47
1.0,37880,34,11,11.92,0.0,4944.4
1.0,47181,40,16,11.52,0.0,5571.47
0.0,13587,68,13,25.69,0.0,3540.91
1.0,14882,48,40,27.71,0.0,4435.54
0.0,49038,43,25,14.5,0.0,5359.38
2.0,41470,77,3,32.58,0.0,4290.61
0.0,20579,44,19,22.34,0.0,3787.26
2.0,25780,59,33,32.21,0.0,3927.94
1.0,44909,4,4,22.06,0.0,4805.17
2.0,2259,22,45,24.88,1.0,2608.53
2.0,6654,21,24,15.0,0.0,2497.72
0.0,13303,22,32,25.42,0.0,3448.03
2.0,26183,68,3,16.82,1.0,3465.03
0.0,16434,24,24,17.95,0.0,3501.94
1.0,4763,86,32,15.79,0.0,4209.18
2.0,29625,55,2,10.62,1.0,3518.13
0.0,44361,30,39,22.49,1.0,5185.62
0.0,560,68,3,33.63,1.0,2599.86
2.0,8745,28,30,17.72,1.0,2728.63
0.0,4590,6,35,15.55,0.0,2961.76
1.0,19842,15,11,11.29,0.0,3855.63
0.0,40166,70,35,13.05,1.0,5343.05
0.0,16905,88,26,17.36,1.0,4158.47
0.0,10647,46,41,13.13,0.0,3796.71
0.0,4970,21,17,29.93,1.0,2648.85
2.0,2692,83,13,23.67,0.0,2656.26
1.0,981,3,12,28.85,0.0,2724.82
1.0,6683,39,41,15.77,0.0,4015.3
0.0,6776,84,29,17.2,0.0,3722.8
2.0,32153,75,24,33.11,1.0,4172.08
0.0,19287,77,34,33.56,1.0,4246.55
2.0,1399,32,15,26.19,0.0,2109.01
2.0,18949,64,42,23.14,1.0,3811.73
2.0,22254,10,17,24.49,0.0,2980.23
2.0,33421,41,1,26.97,0.0,3516.18
2.0,25262,66,1,29.74,0.0,3344.42
2.0,40325,86,31,18.88,1.0,4901.86
0.0,36897,30,32,20.36,1.0,4683.04
1.0,46417,82,20,23.44,0.0,5973.63
1.0,22515,60,30,13.61,1.0,4757.71
0.0,17459,3,37,27.75,0.0,3554.19
2.0,39714,82,41,16.32,0.0,5094.1
1.0,43501,83,31,26.67,0.0,6041.7
2.0,7787,73,35,19.29,0.0,3272.91
0.0,16958,2,49,30.66,0.0,3744.59
1.0,40211,75,21,28.17,0.0,5589.71
1.0,6484,19,36,22.89,1.0,3619.74
2.0,41496,73,2,14.29,1.0,4273.37
0.0,20672,46,10,18.4,0.0,3651.6
2.0,9101,15,4,12.87,0.0,2170.7
0.0,17827,35,4,24.93,0.0,3246.71
0.0,12061,40,4,14.57,1.0,3010.22
0.0,11862,5,36,33.46,1.0,3195.8
0.0,24863,50,40,25.81,1.0,4414.12
0.0,9019,60,48,31.53,0.0,3903.29
0.0,6224,15,39,28.75,1.0,3097.45
0.0,44013,15,49,10.43,1.0,5278.51
2.0,30515,93,3,32.87,0.0,3901.38
2.0,49646,12,12,18.68,0.0,4298.92
2.0,48903,70,22,23.91,0.0,5015.61
0.0,9517,82,46,13.2,1.0,4149.86
0.0,29878,16,41,31.63,1.0,4315.75
2.0,18771,66,4,14.36,1.0,3106.77
2.0,34072,12,13,29.68,1.0,3435.18
1.0,9095,5,34,29.59,1.0,3536.81
1.0,26792,86,10,15.01,0.0,4874.53
0.0,45580,68,4,33.33,0.0,4922.36
2.0,14525,58,24,27.49,1.0,3148.79
1.0,26529,54,47,32.58,1.0,5143.54
2.0,19563,65,27,22.5,1.0,3555.64
1.0,13525,21,25,32.25,0.0,3775.01
2.0,18086,21,8,17.75,1.0,2685.54
1.0,31407,2,39,23.03,0.0,4805.22
1.0,36454,72,40,10.71,1.0,5789.16
0.0,35207,16,44,32.34,0.0,4688.65
0.0,20395,42,27,15.63,0.0,3951.62
2.0,48382,95,1,31.98,0.0,4779.18
0.0,12200,95,8,29.74,0.0,3621.32
1.0,41131,12,14,13.25,1.0,4890.31
1.0,21177,69,7,32.54,0.0,4276.15
2.0,11182,13,45,12.11,1.0,3028.56
2.0,3208,68,29,14.07,1.0,2850.05
2.0,2853,81,37,23.68,1.0,3074.25
1.0,9496,85,21,28.01,1.0,4104.73
0.0,14653,47,4,13.55,1.0,3214.88
1.0,40829,52,4,32.3,1.0,4979.96
1.0,34508,98,24,10.55,0.0,5682.63
0.0,32396,23,43,28.56,0.0,4616.98
1.0,40185,73,23,34.62,0.0,5576.14
1.0,37765,92,35,25.8,1.0,5879.25
0.0,24321,78,17,34.79,0.0,4212.08
1.0,30366,21,28,28.96,1.0,4643.49
2.0,7991,13,18,21.04,1.0,2284.33
2.0,29041,10,10,21.71,0.0,3193.51
1.0,21170,89,8,27.28,0.0,4522.1
1.0,32098,4,13,27.18,1.0,4269.02
0.0,23911,93,48,31.37,0.0,4978.71
2.0,17529,43,44,19.34,0.0,3639.76
1.0,8507,36,28,19.36,0.0,3798.54
0.0,36159,79,30,34.31,0.0,5076.4
0.0,9002,99,41,19.66,0.0,4211.82
2.0,40415,8,48,12.44,0.0,4548.56
0.0,13761,3,28,31.36,0.0,3171.27
2.0,14007,91,34,17.79,1.0,3701.39
0.0,1468,21,10,33.58,0.0,2365.5
1.0,13308,16,41,27.82,0.0,4056.28
1.0,46148,30,39,33.84,1.0,5718.21
1.0,30469,55,26,28.11,0.0,5002.91
1.0,9442,25,31,15.3,0.0,3815.61
0.0,28571,25,21,26.8,1.0,3964.54
0.0,26672,8,1,19.76,0.0,3384.78
0.0,25291,83,17,17.14,1.0,4348.86
1.0,22616,31,47,17.91,0.0,4841.23
1.0,33726,70,34,10.13,0.0,5565.67
2.0,2896,51,27,11.96,0.0,2684.98
1.0,27876,52,26,10.39,1.0,4881.83
1.0,43374,64,15,11.73,0.0,5600.03
2.0,32487,95,49,16.69,0.0,5020.9
0.0,44085,10,30,10.68,0.0,4900.84
0.0,13721,8,10,20.28,1.0,2864.63
1.0,36559,73,28,14.86,1.0,5543.64
1.0,21453,58,6,19.1,0.0,4227.17
2.0,49810,65,33,24.63,0.0,5227.37
1.0,27245,90,44,33.51,1.0,5474.72
1.0,7283,88,44,19.54,0.0,4576.47
1.0,47827,44,23,30.84,1.0,5637.13
1.0,16922,57,19,20.07,1.0,4195.75
2.0,29206,41,31,24.01,0.0,3920.23
0.0,6616,1,21,17.83,0.0,2721.67
2.0,22010,83,21,21.77,1.0,3741.64
0.0,3593,88,41,22.27,1.0,3768.3
1.0,15874,89,14,28.98,1.0,4318.82
2.0,10416,33,14,23.74,1.0,2512.1
0.0,9205,93,49,16.33,1.0,4288.58
1.0,29902,15,34,16.79,1.0,4741.16
0.0,7714,51,7,13.32,0.0,3019.12
1.0,24854,60,27,34.51,1.0,4710.15
1.0,29269,35,19,18.63,1.0,4600.3
1.0,45055,82,22,17.47,1.0,5925.39
2.0,17843,15,1,33.38,0.0,2445.25
2.0,15817,85,47,25.14,1.0,3955.17
2.0,34768,63,47,33.23,0.0,4692.24
2.0,8625,70,46,22.83,1.0,3437.1
2.0,5609,81,2,33.21,0.0,2514.4
0.0,35942,87,11,30.09,1.0,4736.66
1.0,45047,13,45,16.46,0.0,5750.07
1.0,20316,42,24,16.95,1.0,4331.04
0.0,34497,34,35,18.11,1.0,4674.31
2.0,15858,30,2,29.99,1.0,2482.94
2.0,4262,4,38,31.41,0.0,2406.04
1.0,9146,42,44,30.72,1.0,4103.69
1.0,16077,58,19,16.61,0.0,4230.79
1.0,24660,32,5,23.67,1.0,4034.64
0.0,48338,2,18,20.62,1.0,4693.8
0.0,24577,86,24,24.53,1.0,4446.22
2.0,11803,32,1,27.57,0.0,2342.32
0.0,16146,22,30,25.81,1.0,3498.27
1.0,11671,63,8,34.74,1.0,3699.87
2.0,17775,90,1,21.06,0.0,3253.47
0.0,23411,98,23,20.5,0.0,4558.07
1.0,43380,31,33,34.69,1.0,5465.54
2.0,27088,43,34,20.96,1.0,3859.59
0.0,34433,58,48,29.34,0.0,5164.94
0.0,12798,80,4,11.3,0.0,3513.41
2.0,15843,36,37,22.53,1.0,3279.51
0.0,9946,35,40,16.32,1.0,3565.7
2.0,22542,58,47,32.58,1.0,3984.2
2.0,15096,16,11,10.88,1.0,2580.42
0.0,40911,97,46,28.14,1.0,5794.83
0.0,44981,81,20,27.82,0.0,5369.95
2.0,33897,55,30,32.48,0.0,4232.44
0.0,35935,55,37,23.7,0.0,5018.25
1.0,1314,51,46,29.12,1.0,3850.11
2.0,8283,34,30,19.68,1.0,2755.75
2.0,2613,11,2,29.34,0.0,1683.95
0.0,10957,86,49,22.06,1.0,4277.54
1.0,35301,28,45,15.43,1.0,5367.9
2.0,23765,12,3,33.13,0.0,2752.62
1.0,32085,38,31,16.0,0.0,5074.24
1.0,4238,22,20,25.08,0.0,3256.52
0.0,49090,70,17,20.78,1.0,5390.61
1.0,7237,62,34,19.48,0.0,4114.45
1.0,16376,7,7,27.65,1.0,3390.53
1.0,45920,54,34,34.66,1.0,5842.72
2.0,34242,32,16,20.35,1.0,3750.37
2.0,7065,4,14,30.62,1.0,2020.15
2.0,47328,12,3,32.59,1.0,3883.46
2.0,3880,45,3,24.75,0.0,2130.26
1.0,3868,75,24,33.81,0.0,3804.34
1.0,626,2,33,23.52,1.0,3093.71
2.0,23551,93,37,26.83,0.0,4263.39
0.0,605,16,36,16.95,0.0,2875.48
1.0,12164,82,41,23.04,0.0,4683.0
1.0,35698,91,29,32.83,0.0,5660.75
2.0,43694,45,46,20.91,1.0,4950.15
0.0,21109,15,33,13.98,0.0,3845.57
1.0,35867,76,12,10.29,1.0,5241.91
1.0,10861,14,36,18.67,1.0,3809.69
1.0,18271,23,28,23.38,0.0,4136.67
1.0,18174,68,14,21.53,1.0,4261.05
1.0,47557,98,30,24.87,0.0,6383.5
2.0,26010,7,36,31.06,1.0,3435.21
1.0,5799,37,23,34.76,1.0,3446.15
0.0,26111,26,49,15.85,0.0,4516.31
2.0,22276,71,22,11.22,0.0,3757.72
2.0,49374,13,28,29.4,0.0,4561.71
1.0,37930,36,19,25.7,1.0,5008.0
0.0,8573,86,19,27.88,1.0,3529.25
1.0,1507,58,17,17.56,1.0,3407.54
1.0,23736,47,12,17.29,0.0,4360.36
0.0,11316,60,47,29.42,1.0,3958.7
1.0,24252,36,45,22.91,0.0,4908.05
0.0,7424,25,47,14.83,0.0,3537.04
1.0,19074,82,39,17.25,0.0,5017.45
1.0,11116,64,17,30.65,0.0,3932.56
1.0,41306,46,41,19.34,0.0,5798.61
1.0,2242,9,37,11.08,1.0,3386.72
0.0,34520,96,27,29.12,1.0,5080.4
2.0,2943,13,29,17.8,0.0,2318.15
2.0,45123,5,47,13.18,0.0,4730.23
1.0,34657,21,47,20.15,0.0,5332.1
2.0,42255,78,47,27.14,0.0,5247.04
0.0,12701,64,45,13.45,0.0,4157.81
1.0,46507,41,30,22.6,0.0,5772.35
1.0,6650,87,33,19.31,1.0,4265.97
0.0,29421,16,21,34.73,0.0,3927.4
2.0,47563,41,8,18.18,1.0,4357.27
0.0,33782,71,40,29.61,1.0,5051.07
2.0,42474,62,45,18.51,0.0,5101.13
1.0,27416,25,37,15.11,1.0,4785.27
1.0,22091,44,30,11.25,1.0,4588.3
1.0,27920,28,1,20.84,0.0,4141.78
0.0,2969,92,32,25.47,0.0,3631.08
0.0,43506,12,34,11.1,0.0,4969.79
1.0,23361,26,26,29.05,1.0,4302.81
0.0,28452,10,43,26.04,1.0,4252.4
1.0,47914,47,12,33.71,1.0,5437.17
2.0,1226,58,3,22.79,0.0,2137.35
1.0,9166,15,3,11.8,1.0,3109.29
0.0,9283,41,40,12.19,0.0,3663.21
1.0,7140,65,11,13.97,0.0,3707.17
0.0,36721,66,46,15.58,1.0,5338.17
0.0,22092,4,1,12.19,1.0,3103.65
0.0,22026,70,12,21.58,1.0,3933.39
0.0,17161,46,27,17.59,0.0,3820.1
1.0,16741,19,27,23.89,1.0,3947.61
0.0,24150,46,21,28.41,1.0,3945.47
1.0,35388,13,49,15.09,0.0,5353.94
0.0,6599,27,28,12.39,1.0,3097.98
0.0,36322,8,25,27.52,1.0,4258.49
1.0,7319,21,37,31.57,0.0,3708.08
1.0,38501,84,3,32.04,0.0,5214.85
2.0,41589,50,34,33.2,0.0,4643.44
0.0,45850,49,44,24.36,0.0,5590.7
2.0,23390,50,23,23.8,1.0,3510.52
0.0,18273,37,38,33.06,0.0,3928.35
2.0,26885,94,23,16.63,1.0,4161.08
1.0,33839,64,11,27.67,0.0,4963.62
1.0,42373,18,38,27.13,1.0,5422.98
1.0,47682,20,37,26.45,1.0,5691.84
1.0,48820,51,35,30.75,0.0,6047.23
1.0,32732,60,19,31.74,0.0,5007.9
2.0,49969,32,14,26.06,1.0,4468.13
2.0,37009,79,18,20.41,0.0,4448.42
2.0,33056,3,11,32.92,1.0,3238.18
0.0,3483,79,5,10.37,1.0,3012.32
0.0,13357,83,31,10.63,0.0,4114.7
0.0,25326,33,41,21.22,1.0,4310.2
0.0,47178,27,16,24.14,1.0,4828.19
0.0,31695,99,35,28.5,1.0,5132.23
1.0,32321,58,45,32.79,1.0,5432.11
0.0,4994,79,38,29.59,0.0,3701.73
1.0,32390,37,7,25.09,1.0,4504.03
1.0,31178,68,8,32.25,0.0,4787.64
2.0,39563,16,38,28.7,0.0,4304.63
0.0,11041,68,41,20.88,1.0,3947.63
2.0,22859,24,22,32.87,0.0,3208.61
2.0,41309,55,45,15.4,0.0,4988.44
2.0,18655,13,11,23.22,0.0,2716.66
2.0,9212,77,37,25.66,0.0,3392.31
2.0,21195,18,21,16.16,1.0,3078.96
1.0,35332,23,29,25.76,0.0,4997.78
2.0,38641,9,3,19.52,1.0,3484.46
0.0,25074,41,18,26.37,1.0,3891.86
0.0,9077,26,12,18.34,1.0,2862.17
2.0,12222,80,35,20.16,1.0,3510.28
1.0,15849,37,15,18.92,1.0,3867.85
2.0,19629,21,39,12.37,0.0,3459.59
1.0,48424,49,28,11.94,0.0,5961.49
1.0,12682,62,32,34.54,0.0,4271.39
2.0,26431,91,14,25.79,0.0,3932.59
1.0,6126,49,13,18.44,0.0,3514.09
0.0,27411,41,13,13.43,0.0,4023.41
0.0,20475,79,28,13.9,0.0,4354.25
1.0,37708,91,23,29.54,1.0,5607.7
2.0,46786,17,49,29.5,0.0,4891.8
1.0,29787,77,38,30.67,0.0,5416.01
2.0,42286,50,35,11.13,0.0,4808.64
0.0,38404,21,30,24.39,1.0,4608.27
2.0,36272,93,6,32.04,0.0,4253.4
0.0,36296,35,40,32.11,0.0,4854.25
0.0,27458,99,6,23.09,1.0,4367.45
2.0,13484,42,23,25.92,1.0,2924.6
1.0,14129,50,29,18.54,1.0,4193.77
0.0,11206,72,24,14.25,1.0,3689.04
0.0,47266,14,39,14.13,1.0,5212.64
0.0,18278,7,44,32.44,1.0,3701.68
0.0,45641,41,21,15.87,0.0,5082.68
1.0,5471,24,34,28.34,0.0,3601.86
1.0,24942,35,38,20.76,1.0,4753.3
2.0,8064,90,12,20.83,0.0,2989.05
2.0,37480,45,20,20.29,0.0,4172.54
0.0,18797,94,25,20.37,1.0,4278.0
0.0,24589,48,7,33.17,1.0,3683.59
0.0,15782,39,18,16.16,0.0,3508.32
2.0,46243,58,3,12.25,1.0,4390.91
2.0,27806,28,21,25.4,0.0,3513.31
2.0,22973,75,45,17.0,1.0,4213.66
1.0,7811,57,39,21.27,0.0,4184.21
0.0,9630,25,11,27.42,0.0,2864.42
2.0,45465,3,25,10.42,1.0,4251.16
2.0,21107,70,3,24.76,0.0,3241.57
0.0,36987,22,26,15.34,0.0,4562.64
1.0,22919,55,15,29.27,1.0,4349.61
2.0,35384,21,30,18.62,0.0,4036.12
2.0,32389,91,31,21.16,1.0,4543.67
2.0,43582,92,4,18.9,1.0,4584.62
1.0,2122,68,36,31.82,0.0,3897.02
1.0,14169,52,5,18.39,1.0,3736.5
2.0,22374,14,37,22.23,0.0,3437.53
2.0,2490,91,8,25.03,0.0,2619.36
1.0,47554,72,8,25.75,1.0,5628.95
0.0,24374,89,31,33.73,1.0,4560.05
0.0,11331,47,43,21.1,1.0,3791.04
1.0,2060,69,41,12.68,0.0,4099.62
0.0,47537,34,17,16.6,0.0,5023.85
2.0,29577,82,28,13.04,0.0,4343.66
0.0,39999,24,16,17.95,0.0,4520.19
0.0,22066,98,40,25.77,0.0,4804.46
1.0,22451,93,30,20.4,0.0,5100.56
1.0,35136,87,42,30.03,0.0,5866.63
2.0,39065,75,24,10.17,0.0,4682.41
0.0,46393,19,43,15.6,0.0,5341.65
0.0,42449,48,20,14.3,1.0,4930.94
1.0,19046,46,29,28.51,0.0,4399.73
0.0,34219,92,49,27.39,1.0,5473.98
2.0,48780,1,16,10.14,1.0,4218.29
2.0,1026,90,49,11.14,1.0,3375.62
0.0,21952,22,34,25.98,1.0,3867.72
0.0,25451,60,9,28.7,1.0,3909.07
0.0,44379,15,28,15.33,1.0,4852.28
1.0,40863,47,1,17.61,1.0,4945.09
2.0,21889,44,18,18.87,0.0,3350.09
0.0,49648,49,12,30.18,1.0,5061.5
0.0,26643,49,12,25.27,0.0,3985.8
2.0,8473,9,22,12.1,0.0,2443.16
1.0,32588,75,10,13.13,1.0,5013.75
1.0,27089,69,25,29.33,0.0,4947.78
2.0,34036,35,43,16.24,1.0,4330.61
1.0,17834,66,19,23.56,0.0,4363.89
2.0,35060,39,45,26.93,1.0,4408.36
2.0,3842,45,12,34.26,0.0,2260.82
2.0,25078,95,9,24.24,1.0,3762.71
0.0,2425,70,8,34.79,1.0,2807.29
0.0,3930,1,28,30.59,1.0,2613.53
2.0,31086,52,32,13.34,0.0,4197.59
2.0,31610,15,36,14.78,0.0,3926.61
2.0,45141,36,46,31.53,1.0,4879.42
1.0,16085,95,45,23.87,1.0,5034.91
0.0,43034,23,12,14.2,1.0,4550.69
2.0,49189,51,22,24.03,0.0,4839.29
0.0,13850,45,26,20.98,1.0,3557.61
1.0,13095,76,41,29.41,0.0,4637.71
0.0,22020,43,4,28.28,0.0,3519.59
2.0,14237,45,28,28.96,0.0,3127.07
0.0,7583,16,9,30.84,1.0,2564.94
1.0,12503,59,3,12.89,1.0,3710.69
2.0,27924,85,7,17.39,1.0,3799.24
0.0,13151,58,19,26.56,0.0,3534.74
0.0,2250,11,4,22.11,0.0,2241.96
1.0,3217,11,8,23.83,1.0,2811.68
0.0,27227,89,23,15.01,0.0,4686.28
2.0,30356,25,30,27.82,1.0,3728.69
0.0,21695,53,29,11.12,0.0,4189.13
2.0,4256,44,9,21.22,0.0,2276.7
2.0,25057,21,29,24.97,1.0,3417.99
0.0,625,9,18,19.56,0.0,2433.47
2.0,28356,32,2,15.25,1.0,3201.55
2.0,14788,38,9,22.75,0.0,2735.63
0.0,45686,12,46,22.81,0.0,5260.26
0.0,42252,19,33,11.34,1.0,4905.91
1.0,42824,90,34,27.26,1.0,6084.9
1.0,32075,8,38,18.84,1.0,4849.54
0.0,47819,81,5,24.47,0.0,5228.59
1.0,14260,74,8,27.33,0.0,4026.33
1.0,36944,57,18,29.65,0.0,5178.97
0.0,15729,36,17,20.37,1.0,3384.58
2.0,12754,89,48,30.51,0.0,3885.13
2.0,39610,91,40,27.6,0.0,5102.49
0.0,39059,57,47,28.74,1.0,5319.27
0.0,21081,20,42,25.28,1.0,3967.63
0.0,17274,97,46,15.79,0.0,4724.76
0.0,11289,25,8,26.63,1.0,2841.31
2.0,35557,99,27,31.43,1.0,4650.7
0.0,35900,49,19,31.45,1.0,4507.73
1.0,2856,12,19,27.05,0.0,3057.53
2.0,48023,42,46,17.82,1.0,5152.04
0.0,4732,52,39,28.23,1.0,3395.45
2.0,34095,29,21,29.94,1.0,3765.06
2.0,10725,28,22,28.11,0.0,2665.72
0.0,25057,86,32,30.61,0.0,4649.81
2.0,5290,61,11,33.75,0.0,2475.76
1.0,2480,30,9,24.72,0.0,3030.38
1.0,19596,23,35,19.8,1.0,4310.82
0.0,2921,50,5,10.33,0.0,2744.38
2.0,29125,57,7,16.94,0.0,3631.54
0.0,20076,33,42,34.22,1.0,4002.72
1.0,2836,46,46,13.74,1.0,3953.1
2.0,10484,81,48,13.6,0.0,3776.21
0.0,24570,17,11,11.75,0.0,3609.75
2.0,4633,98,2,15.1,0.0,2726.13
1.0,47304,98,11,12.3,0.0,6053.68
0.0,36562,99,11,30.78,1.0,4884.18
1.0,19350,38,13,28.33,1.0,3965.87
2.0,1739,61,26,30.51,0.0,2614.4
2.0,32390,84,15,27.44,0.0,4172.29
1.0,45504,24,32,24.99,0.0,5580.25
2.0,48790,58,38,28.79,0.0,5185.54
2.0,37834,12,10,32.88,1.0,3547.29
2.0,23650,82,29,20.36,0.0,4030.72
2.0,46058,88,33,11.53,0.0,5335.23
0.0,9211,33,28,10.16,1.0,3299.75
1.0,21672,7,34,28.05,0.0,4243.36
1.0,39943,74,5,31.83,0.0,5228.01
0.0,1456,74,38,15.66,1.0,3494.52
0.0,20559,21,8,26.77,0.0,3314.12
2.0,42960,78,33,19.33,0.0,5041.34
2.0,42063,77,9,17.72,1.0,4464.55
2.0,49488,99,41,17.6,0.0,5746.4
0.0,41657,76,38,32.07,0.0,5492.51
2.0,2024,25,4,28.84,1.0,1787.0
1.0,10268,35,20,33.18,0.0,3647.48
1.0,11224,25,49,15.38,1.0,4214.3
0.0,40192,23,23,30.0,1.0,4549.59
1.0,25791,84,45,14.96,1.0,5454.74
2.0,22292,25,43,24.55,1.0,3601.83
1.0,1114,14,40,12.59,1.0,3432.74
1.0,42707,4,44,16.78,1.0,5471.43
0.0,23540,80,10,15.5,0.0,4149.49
0.0,16938,36,13,15.51,0.0,3439.34
2.0,17934,70,44,27.56,0.0,3888.89
1.0,37719,16,20,23.97,0.0,4876.08
1.0,4533,20,46,12.33,0.0,3835.0
0.0,34061,43,14,31.26,0.0,4306.74
2.0,47555,34,29,24.16,0.0,4726.97
2.0,34572,14,1,12.8,1.0,3324.61
2.0,29552,42,38,25.04,0.0,4082.39
0.0,9874,5,19,20.65,0.0,2870.44
1.0,19597,89,6,23.69,1.0,4371.38
0.0,44665,36,2,13.93,1.0,4563.58
2.0,18811,19,25,14.33,0.0,3108.88
2.0,5795,17,42,33.72,1.0,2631.16
0.0,29035,5,34,19.77,0.0,4132.91
0.0,29365,18,24,12.93,1.0,4063.62
0.0,2606,30,2,29.63,0.0,2372.16
0.0,1322,81,2,15.38,1.0,2839.18
2.0,20644,29,7,21.54,0.0,2904.51
0.0,38506,82,26,17.62,1.0,5177.22
2.0,18524,78,4,33.5,0.0,3168.71
1.0,35122,56,41,34.55,0.0,5513.36
1.0,20549,68,4,24.59,1.0,4164.5
0.0,21439,24,42,15.79,1.0,4073.01
1.0,38073,87,22,34.18,1.0,5542.74
0.0,27205,44,14,11.38,1.0,4023.35
2.0,33475,82,13,32.62,1.0,4090.65
2.0,10347,94,8,17.91,1.0,3027.78
0.0,10896,71,17,16.99,1.0,3509.87
1.0,32909,47,29,33.37,1.0,5028.58
2.0,36340,42,15,31.27,1.0,3880.66
2.0,30129,29,33,23.73,1.0,3837.78
1.0,16869,10,13,20.89,1.0,3598.99
2.0,20603,98,36,29.52,1.0,4082.56
1.0,34580,47,13,25.41,1.0,4831.96
0.0,30527,70,20,11.89,0.0,4616.89
0.0,22236,65,5,34.67,1.0,3688.46
1.0,9282,17,6,29.31,0.0,3157.54
1.0,4297,7,32,15.67,0.0,3396.51
2.0,49345,22,18,11.87,0.0,4537.9
1.0,28645,32,43,12.86,0.0,5097.96
0.0,46148,5,20,29.6,0.0,4659.4
0.0,29757,3,6,11.91,1.0,3578.29
0.0,32765,26,9,10.52,0.0,4075.67
1.0,24558,80,8,24.3,1.0,4566.41
0.0,12842,60,39,25.63,1.0,3893.95
1.0,40464,89,17,34.04,0.0,5633.01
2.0,43820,3,36,22.96,0.0,4376.22
1.0,1025,28,48,24.41,0.0,3719.19
0.0,33357,92,43,23.58,1.0,5329.97
0.0,24357,6,29,21.36,1.0,3751.05
1.0,46460,3,18,25.95,1.0,5083.26
0.0,39504,86,46,12.07,0.0,5744.86
2.0,24010,87,36,19.67,0.0,4242.17
0.0,49287,60,42,18.31,0.0,5862.82
2.0,41260,35,38,29.66,1.0,4524.71
0.0,40983,66,47,12.96,0.0,5634.35
2.0,32847,34,35,19.28,1.0,4085.95
0.0,28029,38,15,18.72,1.0,3987.84
2.0,46740,19,25,10.29,1.0,4475.56
1.0,39724,44,38,14.79,0.0,5662.27
1.0,33797,86,13,13.96,0.0,5290.06
0.0,45238,72,47,20.95,0.0,5867.13
0.0,5584,21,9,29.51,1.0,2521.63
0.0,46697,70,7,25.71,0.0,5096.3
2.0,47804,99,38,31.79,1.0,5481.27
2.0,23696,85,29,11.31,1.0,4058.25
0.0,46219,49,41,29.52,1.0,5473.33
1.0,42273,99,36,21.27,1.0,6217.3
1.0,48017,1,8,32.46,0.0,4958.57
1.0,16396,79,49,10.39,1.0,5037.86
1.0,39841,47,7,25.25,0.0,5025.81
2.0,21109,78,36,10.33,1.0,4003.79
0.0,4518,85,27,15.09,1.0,3540.45
2.0,25838,75,27,24.06,0.0,4011.58
2.0,36423,89,29,18.3,0.0,4749.64
1.0,27223,86,44,30.86,1.0,5446.83
1.0,31963,69,5,10.24,0.0,4886.94
0.0,41860,28,34,23.64,1.0,4934.8
0.0,47100,5,1,10.13,1.0,4374.33
0.0,5148,72,18,26.98,1.0,3202.5
1.0,23519,55,45,14.99,0.0,5101.01
2.0,1620,72,23,20.14,1.0,2660.28
2.0,2579,32,49,12.3,1.0,2867.44
1.0,42374,36,28,29.67,1.0,5390.35
2.0,42740,60,22,15.42,0.0,4649.88
1.0,43908,1,28,19.15,0.0,5219.66
2.0,40787,35,4,13.99,0.0,3949.4
2.0,39530,59,25,23.69,0.0,4498.07
2.0,10895,18,26,34.47,0.0,2622.38
0.0,33562,61,41,34.63,1.0,4934.94
2.0,26321,89,43,13.9,1.0,4496.55
0.0,41901,23,26,33.56,1.0,4677.23
0.0,13213,79,30,26.73,1.0,3916.99
2.0,22230,16,25,29.13,1.0,3125.85
2.0,29102,31,41,32.35,0.0,3973.35
2.0,29692,13,45,26.11,1.0,3884.07
2.0,48979,61,1,24.54,0.0,4506.27
0.0,36955,71,27,28.08,1.0,4957.36
2.0,13724,13,4,20.76,0.0,2342.38
0.0,39209,67,24,21.48,1.0,5003.05
1.0,34677,55,29,18.34,1.0,5272.15
2.0,29509,64,47,14.73,1.0,4481.81
2.0,47233,66,8,10.16,0.0,4680.87
2.0,38500,42,49,25.31,1.0,4698.47
0.0,19756,61,47,33.38,1.0,4370.89
2.0,31159,35,42,17.84,0.0,4208.74
0.0,17675,48,36,19.41,0.0,4036.68
0.0,20123,13,19,24.92,0.0,3441.55
2.0,25361,77,26,24.09,1.0,3937.59
2.0,49256,82,35,30.7,1.0,5329.29
2.0,35339,85,27,32.39,1.0,4494.99
0.0,12153,75,23,16.83,1.0,3733.52
1.0,39698,85,36,17.99,0.0,6014.94
1.0,18833,30,25,22.66,0.0,4178.36
2.0,21081,5,25,26.29,1.0,2972.61
1.0,15061,43,21,26.86,0.0,4018.77
1.0,41631,13,6,29.32,1.0,4684.93
1.0,19529,85,19,28.85,0.0,4612.22
2.0,33539,21,15,28.71,0.0,3593.42
2.0,28196,74,19,24.55,1.0,3907.03
0.0,3420,61,49,12.65,1.0,3697.77
0.0,2982,15,13,11.71,1.0,2500.56
0.0,18881,54,6,19.05,0.0,3558.78
0.0,32623,65,29,27.67,0.0,4772.8
0.0,47214,48,20,22.94,1.0,5126.0
0.0,27237,39,41,15.33,1.0,4495.21
0.0,27288,32,42,11.26,0.0,4518.12
2.0,30257,72,10,33.34,0.0,3816.15
0.0,49653,89,37,26.33,1.0,5980.98
1.0,26349,88,46,10.79,1.0,5563.48
2.0,37629,17,14,21.58,1.0,3723.56
0.0,41696,98,43,33.1,0.0,5809.3
1.0,14098,16,45,19.1,1.0,4169.39
0.0,37435,26,35,21.64,0.0,4773.54
0.0,8470,50,46,26.35,0.0,3761.75
2.0,25019,19,35,28.29,0.0,3549.48
1.0,16501,63,45,10.2,0.0,4854.04
2.0,13909,62,21,18.76,1.0,3141.67
2.0,802,17,40,20.5,0.0,2457.6
1.0,18523,79,45,22.39,0.0,5054.19
1.0,10003,3,47,10.74,1.0,3916.46
1.0,32684,99,38,34.99,1.0,5709.26
1.0,46039,41,36,31.89,0.0,5822.52
0.0,22063,92,8,33.62,1.0,4015.07
0.0,20008,99,41,11.55,1.0,4752.66
0.0,20433,78,30,29.41,1.0,4254.59
1.0,40474,82,6,21.1,1.0,5358.22
0.0,42787,40,48,23.38,1.0,5382.43
2.0,35696,70,47,10.4,0.0,4922.82
1.0,20837,1,13,26.45,0.0,3729.59
2.0,43259,33,41,30.12,0.0,4712.33
2.0,14112,3,17,21.0,1.0,2470.59
1.0,26022,24,21,29.31,1.0,4314.56
0.0,26119,34,27,29.2,1.0,4039.93
2.0,40248,68,20,30.71,0.0,4488.84
0.0,24395,60,5,15.03,1.0,3844.62
1.0,13880,28,19,24.15,1.0,3733.24
2.0,39163,12,44,10.73,0.0,4454.51
0.0,4472,15,34,21.32,0.0,2996.99
1.0,20316,69,29,11.85,0.0,4776.54
2.0,38067,14,23,26.61,1.0,3870.32
0.0,7138,60,27,34.94,0.0,3372.2
0.0,25417,49,49,22.92,0.0,4676.25
0.0,7040,4,20,22.82,0.0,2727.89
1.0,7679,58,32,28.94,0.0,4009.27
1.0,5257,74,12,12.58,1.0,3679.96
1.0,6868,36,6,14.81,1.0,3249.36
0.0,18940,44,33,23.53,0.0,3979.37
1.0,22427,8,13,26.21,0.0,3880.32
0.0,36744,71,40,30.41,1.0,5195.15
0.0,35411,67,23,30.46,0.0,4798.25
2.0,43701,7,12,18.49,0.0,3952.58
2.0,44827,94,34,27.86,0.0,5272.05
2.0,18405,38,24,19.24,0.0,3234.06
0.0,15523,52,1,27.67,1.0,3177.82
0.0,46000,39,41,33.57,1.0,5342.17
1.0,3520,59,13,21.37,1.0,3419.14
2.0,29926,32,43,27.22,0.0,4090.2
2.0,15359,36,13,19.89,1.0,2788.49
0.0,39782,84,26,16.19,1.0,5268.16
2.0,6871,26,19,33.73,0.0,2364.9
2.0,29234,39,17,34.43,1.0,3519.56
1.0,28435,9,22,21.98,0.0,4391.84
0.0,38373,1,27,20.26,0.0,4417.34
1.0,16208,73,40,15.37,1.0,4763.57
1.0,13781,99,29,12.46,1.0,4696.73
1.0,14635,19,27,12.28,1.0,3900.33
1.0,26463,57,21,31.59,1.0,4655.22
1.0,37938,98,17,11.14,0.0,5711.22
0.0,35546,52,4,26.35,1.0,4245.53
1.0,11289,11,26,18.42,1.0,3602.33
0.0,48788,53,11,31.31,1.0,5032.83
2.0,5945,16,23,34.38,0.0,2295.33
2.0,38109,62,39,15.16,1.0,4729.67
2.0,17225,6,9,30.23,0.0,2500.08
0.0,49270,28,38,23.08,0.0,5438.11
2.0,43020,32,34,11.75,0.0,4642.27
2.0,49638,29,15,20.88,0.0,4517.48
0.0,27130,7,34,14.73,1.0,4032.83
0.0,11583,48,17,23.29,0.0,3332.69
2.0,46663,15,28,11.5,0.0,4535.64
1.0,1779,84,14,31.84,0.0,3599.73
1.0,18588,7,17,19.39,0.0,3792.47
0.0,22680,62,21,16.37,1.0,4092.14
0.0,37698,4,21,11.07,0.0,4339.55
0.0,37648,60,18,21.25,1.0,4736.14
1.0,27990,85,31,23.93,1.0,5249.84
1.0,49768,51,22,34.91,1.0,5763.85
2.0,22227,56,49,12.86,1.0,4087.05
2.0,15898,83,20,29.5,1.0,3377.38
2.0,8406,25,36,19.48,0.0,2842.91
1.0,23779,92,6,18.96,0.0,4684.16
1.0,2550,97,45,34.58,0.0,4374.59
1.0,47719,92,7,32.82,1.0,5781.83
0.0,36112,17,42,28.54,0.0,4722.9
1.0,20456,50,6,33.53,1.0,3975.14
1.0,46265,68,38,18.13,0.0,6212.59
2.0,46526,14,20,27.93,0.0,4276.66
2.0,2262,36,49,16.09,1.0,2872.63
1.0,10681,71,47,19.75,0.0,4635.28
2.0,49438,93,17,13.31,0.0,5225.35
0.0,1935,96,28,30.73,1.0,3463.09
0.0,12036,61,47,26.75,1.0,4018.05
2.0,12612,65,5,28.73,0.0,2786.93
2.0,28288,52,19,31.72,1.0,3655.82
0.0,12055,52,28,19.62,0.0,3634.65
1.0,38758,7,41,10.05,0.0,5327.65
1.0,32380,1,21,19.77,0.0,4500.16
2.0,26392,13,9,12.69,1.0,3066.15
1.0,47956,8,22,34.4,1.0,5245.78
0.0,45580,26,1,29.63,0.0,4460.84
2.0,6276,75,36,33.11,1.0,3118.23
0.0,36340,33,20,16.2,0.0,4516.02
1.0,49270,19,39,11.26,1.0,5877.19
0.0,31790,46,31,27.09,1.0,4534.07
1.0,33820,56,8,21.32,0.0,4854.4
2.0,3073,33,17,17.03,0.0,2288.52
2.0,38743,65,23,10.2,0.0,4546.15
2.0,14494,2,9,32.68,0.0,2311.29
0.0,12418,73,13,17.02,1.0,3525.79
0.0,10024,54,40,10.49,0.0,3838.73
2.0,24070,2,49,24.59,1.0,3580.56
2.0,47690,39,11,33.49,0.0,4377.04
1.0,17014,91,8,26.94,0.0,4336.02
1.0,26515,45,25,33.47,0.0,4658.38
1.0,14359,69,40,19.94,0.0,4658.27
2.0,9320,40,44,21.16,1.0,3140.2
0.0,26517,64,29,15.46,1.0,4468.57
1.0,34223,98,6,29.74,0.0,5212.46
0.0,39025,86,10,22.42,0.0,4949.14
2.0,5203,86,14,20.59,1.0,2797.21
0.0,29986,93,9,19.04,1.0,4514.09
0.0,25650,21,28,25.14,0.0,3976.81
2.0,26623,37,11,23.25,1.0,3304.91
1.0,47117,83,45,11.05,1.0,6530.6
1.0,21616,26,48,32.4,0.0,4688.81
2.0,32360,40,13,29.55,1.0,3630.24
2.0,11925,76,9,23.05,1.0,2921.01
2.0,34162,48,26,33.54,0.0,4090.41
0.0,2469,92,41,13.26,1.0,3797.14
2.0,7222,44,39,34.91,1.0,2906.57
2.0,30720,3,15,10.22,1.0,3314.91
2.0,28673,31,15,11.19,1.0,3487.69
0.0,16809,49,26,16.35,0.0,3818.71
0.0,33281,6,26,17.8,0.0,4205.07
1.0,25438,21,16,23.73,0.0,4233.24
2.0,48138,85,22,19.9,0.0,5147.4
1.0,36446,92,43,16.56,0.0,6069.51
2.0,48408,2,15,27.49,1.0,4102.94
1.0,28970,23,49,21.63,1.0,5050.37
2.0,45133,39,39,13.3,0.0,4910.15
1.0,31311,60,27,17.31,0.0,5168.99
2.0,45528,32,32,28.7,1.0,4592.9
1.0,30475,92,3,13.61,1.0,4935.7
0.0,32919,92,8,27.03,0.0,4640.78
1.0,32205,21,17,15.18,0.0,4634.34
0.0,41100,8,49,20.38,0.0,5063.09
0.0,25503,95,9,17.83,0.0,4366.0
2.0,36685,63,12,22.54,1.0,4091.56
2.0,8313,4,43,23.99,0.0,2745.7
1.0,12675,2,47,11.93,1.0,4034.11
0.0,16871,93,38,33.96,0.0,4413.74
0.0,2639,21,25,22.54,0.0,2779.25
1.0,47795,9,15,34.61,0.0,5156.72
0.0,10150,31,15,33.79,0.0,2998.57
1.0,3541,80,7,29.86,1.0,3467.74
0.0,27160,10,19,21.96,0.0,3778.19
1.0,26655,70,48,17.14,1.0,5407.04
0.0,41624,87,20,32.78,0.0,5237.3
1.0,23616,86,33,18.76,1.0,5107.0
1.0,48864,68,11,29.85,1.0,5693.96
2.0,11883,54,48,14.77,0.0,3570.31
0.0,24527,30,11,18.62,1.0,3653.25
0.0,37811,25,22,19.14,0.0,4534.85
2.0,20041,80,49,22.83,0.0,4217.88
2.0,9610,66,1,20.77,1.0,2556.63
1.0,42346,20,37,33.31,1.0,5390.76
0.0,15548,98,45,18.19,0.0,4616.46
1.0,11882,17,2,31.5,1.0,3146.62
2.0,38658,55,45,23.86,0.0,4813.61
0.0,3219,27,13,17.65,1.0,2602.69
1.0,37266,88,31,21.87,1.0,5753.93
1.0,37301,38,35,20.22,0.0,5393.95
2.0,23893,18,37,31.43,0.0,3507.49
1.0,49981,2,18,27.43,1.0,5241.89
2.0,14075,72,27,15.1,1.0,3388.25
1.0,43323,15,4,33.67,1.0,4727.81
2.0,27116,51,16,22.81,1.0,3571.76
1.0,45584,52,11,20.78,1.0,5415.31
0.0,16350,14,38,18.39,0.0,3675.54
2.0,32383,88,47,28.41,0.0,4847.12
1.0,10677,97,12,14.15,1.0,4173.1
2.0,6204,63,35,17.94,0.0,3100.51
0.0,46667,39,1,30.88,0.0,4638.97
0.0,24363,10,35,25.87,0.0,3938.82
0.0,35201,67,9,21.08,1.0,4504.67
1.0,23034,29,14,33.52,0.0,4104.1
0.0,781,4,34,22.51,0.0,2696.49
2.0,31023,97,23,20.52,1.0,4378.55
1.0,32466,29,26,15.49,0.0,4905.84
2.0,18809,12,27,29.52,0.0,3002.83
2.0,18264,49,34,22.35,1.0,3471.43
0.0,25360,34,26,14.98,0.0,4103.09
0.0,15163,11,40,11.06,1.0,3612.86
2.0,33481,90,26,23.91,0.0,4524.49
0.0,44741,78,12,32.66,0.0,5143.73
1.0,2698,22,37,19.58,1.0,3496.99
2.0,45069,37,17,20.4,1.0,4361.43
0.0,37179,82,22,14.12,1.0,5048.34
1.0,46663,55,1,22.99,0.0,5338.19
2.0,42344,5,30,32.29,0.0,4155.74
0.0,33687,90,14,13.13,1.0,4798.68
0.0,30948,96,37,20.06,1.0,5147.11
0.0,27338,37,49,33.14,0.0,4601.21
1.0,44986,5,41,29.42,1.0,5472.2
2.0,34875,63,24,33.71,0.0,4235.19
1.0,3749,11,4,21.49,1.0,2769.99
1.0,1119,11,29,19.96,0.0,3196.17
2.0,13176,2,47,11.58,1.0,3060.91
0.0,45423,22,2,16.32,1.0,4449.57
2.0,7505,70,41,19.04,0.0,3350.06
2.0,46903,30,3,27.65,0.0,4116.88
1.0,32784,10,11,19.06,1.0,4363.9
2.0,4925,30,36,18.33,0.0,2724.62
1.0,49151,45,45,15.8,1.0,6228.54
1.0,10826,21,28,17.38,1.0,3724.42
0.0,40559,32,38,30.26,1.0,4956.67
1.0,44564,58,21,26.4,0.0,5646.19
2.0,37614,11,12,14.63,1.0,3657.53
2.0,9446,43,47,20.27,0.0,3290.94
2.0,10722,79,40,25.83,1.0,3496.97
2.0,30045,42,5,31.62,1.0,3364.13
1.0,41735,5,39,15.27,1.0,5340.39
0.0,20346,3,1,28.49,1.0,2924.87
2.0,6395,10,32,22.76,0.0,2495.93
0.0,30587,70,36,15.27,1.0,4873.0
1.0,20522,88,42,31.58,1.0,5088.21
1.0,40387,31,37,20.24,0.0,5518.13
1.0,15751,9,13,29.07,0.0,3542.19
0.0,18158,46,3,21.1,0.0,3372.41
1.0,20194,60,45,22.82,1.0,4895.61
2.0,8304,98,46,18.82,0.0,3771.12
2.0,3724,16,10,26.17,1.0,1915.37
0.0,10382,63,31,13.89,1.0,3699.65
2.0,29930,63,6,24.99,1.0,3621.53
0.0,42399,58,35,13.49,1.0,5332.5
2.0,33630,96,32,32.11,1.0,4620.93
0.0,26931,31,11,25.59,0.0,3798.62
2.0,4314,43,17,31.12,1.0,2330.09
2.0,27185,92,8,13.46,0.0,3921.95
2.0,23999,7,37,13.91,0.0,3490.41
2.0,16835,19,7,33.47,0.0,2554.39
0.0,17587,72,4,14.08,0.0,3658.93
2.0,12439,20,33,13.16,0.0,2966.16
2.0,28132,49,9,20.74,0.0,3522.9
0.0,46889,54,28,17.07,1.0,5359.1
2.0,49401,60,13,18.44,0.0,4787.86
2.0,26059,16,19,28.69,0.0,3249.48
2.0,5306,73,42,31.2,0.0,3229.31
1.0,15652,17,3,20.72,1.0,3408.98
2.0,37880,72,28,16.73,0.0,4640.37
0.0,25553,96,25,30.45,0.0,4635.4
0.0,45741,21,33,28.63,0.0,5063.9
2.0,35701,19,17,29.9,1.0,3665.55
2.0,26789,57,4,16.0,0.0,3459.45
2.0,34749,42,46,33.41,1.0,4410.42
1.0,8570,9,45,26.94,0.0,3833.81
1.0,31773,60,19,26.02,0.0,4988.57
2.0,32654,74,48,29.06,1.0,4687.39
1.0,48417,86,23,18.9,1.0,6146.35
2.0,44960,10,35,29.67,0.0,4449.66
2.0,14047,50,46,29.34,0.0,3525.66
2.0,26712,60,42,20.2,0.0,4224.59
0.0,11872,66,37,28.67,0.0,3900.25
1.0,11622,93,4,25.21,1.0,3965.05
2.0,9577,90,49,17.05,1.0,3773.61
1.0,838,34,45,23.29,0.0,3715.45
0.0,10016,85,8,24.61,0.0,3437.74
2.0,13487,39,32,30.67,0.0,3101.02
2.0,15399,24,2,24.28,0.0,2478.55
0.0,16978,48,14,12.46,1.0,3546.62
0.0,11746,1,18,24.76,0.0,2883.5
2.0,32913,21,8,13.77,0.0,3496.82
1.0,49582,63,37,32.14,1.0,6188.4
1.0,48802,85,9,14.35,0.0,5948.34
0.0,42152,47,21,27.7,1.0,4859.08
0.0,31980,2,33,30.43,1.0,4126.84
1.0,22304,74,29,11.39,1.0,4878.26
2.0,49958,33,8,28.35,1.0,4346.16
0.0,5353,20,18,32.04,1.0,2667.44
1.0,44913,55,48,25.1,1.0,6130.17
0.0,27157,67,38,21.08,1.0,4682.44
0.0,15860,95,32,16.24,0.0,4351.81
1.0,9823,32,5,17.67,1.0,3322.79
2.0,47324,30,32,25.49,1.0,4678.75
2.0,48785,84,6,20.48,1.0,4796.83
0.0,16063,8,24,30.91,1.0,3208.59
0.0,10593,32,19,23.55,0.0,3161.9
1.0,37511,47,45,25.14,0.0,5669.86
0.0,32696,19,37,24.33,1.0,4443.15
0.0,25564,87,34,15.2,0.0,4802.21
2.0,36624,74,30,30.45,1.0,4518.97
0.0,38284,36,8,12.75,1.0,4370.44
0.0,28904,3,3,32.11,0.0,3424.66
0.0,9700,20,35,27.42,0.0,3297.91
1.0,26899,36,45,25.43,1.0,4977.79
1.0,1422,44,24,16.79,0.0,3457.17
0.0,39065,94,38,16.96,1.0,5568.44
0.0,2328,69,16,12.36,0.0,3114.61
2.0,27484,47,48,28.79,1.0,4160.27
2.0,20415,35,5,31.08,1.0,2815.34
0.0,33620,98,5,12.47,0.0,4748.66
1.0,18102,21,35,31.59,0.0,4207.14
1.0,9708,70,24,31.32,1.0,4008.78
2.0,16532,8,18,32.12,1.0,2605.98
1.0,34516,75,15,23.3,0.0,5209.3
0.0,36237,45,23,29.86,0.0,4622.54
2.0,31061,94,17,11.66,1.0,4274.73
0.0,20991,83,29,31.85,1.0,4300.28
0.0,21306,21,35,27.24,0.0,3889.08
0.0,3889,21,40,27.75,0.0,3115.68
2.0,11802,15,34,10.25,1.0,2868.84
2.0,7509,30,18,10.51,0.0,2532.88
0.0,39350,77,11,12.22,0.0,4946.38
2.0,44142,62,38,30.82,0.0,4983.0
0.0,29759,94,14,28.28,0.0,4616.56
1.0,21927,95,10,33.51,0.0,4628.8
2.0,47564,23,44,25.48,1.0,4860.8
1.0,7145,67,37,21.23,0.0,4211.11
2.0,17153,9,1,34.06,0.0,2347.37
0.0,12245,85,4,22.85,1.0,3428.02
1.0,42398,44,22,30.32,1.0,5348.31
0.0,8936,38,24,23.33,0.0,3240.14
0.0,21788,21,9,21.56,1.0,3371.6
0.0,20494,18,9,15.93,1.0,3305.06
1.0,20478,80,41,20.69,1.0,5040.46
2.0,2470,65,46,20.94,0.0,3138.81
2.0,1045,60,46,24.71,1.0,2948.69
1.0,29029,82,30,21.74,1.0,5262.76
0.0,5099,39,6,16.24,1.0,2683.73
0.0,36908,60,9,28.82,0.0,4531.32
1.0,30281,46,12,20.46,1.0,4611.73
2.0,48775,54,27,17.78,0.0,4979.87
1.0,48337,69,44,15.67,0.0,6458.51
1.0,34893,86,28,16.18,0.0,5633.76
0.0,5280,49,26,30.56,1.0,3121.19
2.0,15828,52,11,29.55,1.0,2883.63
2.0,26212,35,1,23.3,1.0,3064.11
2.0,14419,68,44,23.95,1.0,3661.21
1.0,12194,7,22,14.67,1.0,3546.34
0.0,39562,88,20,32.18,0.0,5147.21
2.0,8348,67,37,16.48,1.0,3244.98
0.0,15813,57,11,31.4,1.0,3423.63
